,יום מכירה,כתובת,גוש חלקה - תת חלקה,סוג נכס,חדרים,קומה,"מ""ר",סכום,מגמת שינוי
0,05.01.2022,NaN,2710-31-1,דירה בבית קומות,1,ראשונה,NaN,"902,000",NaN
1,21.11.2021,ירושלים 22,3937-15-3,קוטג' דו משפחתי,1,ראשונה,NaN,"1,772,000",NaN
2,25.08.2021,NaN,3629-323-80,NaN,1,NaN,55,"275,822",NaN
3,18.07.2021,NaN,5032-73-4,NaN,1,חמישית,63,"902,672",NaN
4,04.07.2021,NaN,5032-73-1,עסק,1,NaN,65,"772,668",NaN
5,04.07.2021,NaN,5032-73-3,עסק,1,NaN,96,"1,662,280",NaN
6,04.07.2021,NaN,5032-73-2,עסק,1,NaN,103,"1,526,724",NaN
7,01.07.2021,NaN,3942-103-6,עסק,1,NaN,65,"4,971,751",NaN
8,29.06.2021,NaN,3946-344-83,עסק,1,NaN,122,"3,033,883",NaN
9,31.05.2021,NaN,3946-344-77,NaN,1,רביעית,40,"611,394",NaN
10,18.05.2021,NaN,3946-344-76,עסק,1,NaN,152,"3,249,908",NaN
11,13.05.2021,"אח""י מבטח 47",2709-4-2,קוטג' דו משפחתי,1,ראשונה,366,"14,285,000",NaN
12,10.05.2021,חיל התותחנים 26,2717-23-32,דירה בבית קומות,1,שביעית,121.40,"3,380,000",157% ב 16.7 שנים
13,11.08.2004,חיל התותחנים 26,2717-23-32,דירה בבית קומות,1,שביעית,121.40,"1,311,000",157% ב 16.7 שנים
14,21.04.2021,ברנשטיין 68,6287-21-2,קוטג' דו משפחתי,1,ראשונה,406,"5,300,000",NaN
15,01.04.2021,NaN,3947-95-37,עסק,1,NaN,118,"1,985,920",NaN
16,23.02.2021,ויצמן 4,3928-905-17,אחר,1,NaN,42,"172,836",NaN
17,22.02.2021,הגדוד העברי 6,3931-9-1,קומבינציה,1,ראשונה,NaN,"7,060,000",NaN
18,07.12.2020,NaN,3946-344-63,עסק,1,NaN,562,"12,870,000",NaN
19,02.12.2020, ,3947-95-53,חנות,1,ראשונה,119,"1,898,000",NaN
20,26.11.2020,NaN,4246-285-130,אחר,1,NaN,57,"268,599",NaN
21,10.11.2020,NaN,3628-70-1,קוטג' חד משפחתי,1,ראשונה,666,"12,000,000",NaN
22,04.11.2020,נחמה 21,3932-94-1,דירה בבית קומות,1,קרקע,27,"350,000",NaN
23,01.07.2020,"אח""י מזנק 28",2709-40-1,קוטג' דו משפחתי,1,NaN,337,"5,200,000",NaN
24,09.06.2020,"איתמר בן אב""י 15",3932-186-1,קוטג' דו משפחתי,1,שניה,199,"3,526,000",NaN
25,21.05.2020,NaN,3942-103-65,משרד,1,שניה,65,"724,643",NaN
26,12.05.2020,NaN,3942-103-66,משרד,1,שניה,178,"1,789,377",NaN
27,02.02.2020,NaN,5030-166-2,משרד,1,NaN,46,"638,305",NaN
28,02.02.2020,NaN,5030-166-3,משרד,1,NaN,51,"704,911",NaN
29,21.01.2020,NaN,5032-38-2,משרד,1,NaN,46,"738,768",NaN
30,21.01.2020,NaN,5032-38-1,משרד,1,NaN,67,"600,631",NaN
31,16.01.2020, ,3947-95-56,משרד,1,שביעית,98,"1,407,420",NaN
32,15.01.2020,NaN,3947-95-19,משרד,1,NaN,129,"1,789,479",NaN
33,15.01.2020,NaN,3947-95-18,משרד,1,NaN,98,"1,407,420",NaN
34,11.12.2019,עזרא 5,4242-414-1,קוטג' דו משפחתי,1,NaN,298,"2,100,000",NaN
35,10.12.2019,NaN,3947-95-17,משרד,1,שביעית,141,"1,936,970",NaN
36,10.12.2019, ,3947-95-58,משרד,1,שביעית,114,"1,597,981",NaN
37,27.11.2019,NaN,3925-738-99,דירה בבית קומות,1,NaN,NaN,"4,032,000",NaN
38,19.11.2019,פוזננסקי מנחם 2,7282-91-3,דירה בבית קומות,1,ראשונה,40.60,"1,895,000",NaN
39,19.11.2019,פוזננסקי מנחם 2,7282-91-3,דירה בבית קומות,1,ראשונה,40.60,"1,150,000",NaN
40,13.08.2009,פוזננסקי מנחם 2,7282-91-3,דירה בבית קומות,1,ראשונה,40.60,"760,000",NaN
41,31.12.1998,פוזננסקי מנחם 2,7282-91-3,דירה בבית קומות,1,ראשונה,40.60,"445,000",NaN
42,19.11.2019,פוזננסקי מנחם 2,7282-91-8,דירה בבית קומות,1,שניה,35,"1,934,000",NaN
43,17.11.2019,NaN,5030-166-1,משרד,1,NaN,51,"639,531",NaN
44,13.11.2019,פרס שמעון 33,5097-95-3,אחר,1,NaN,97,"400,000",NaN
45,30.10.2019,"אח""י מזנק 80",2709-52-2,דירה בבית קומות,1,NaN,324,"17,212,000",NaN
46,15.09.2019,NaN,3946-344-35,עסק,1,NaN,3999,"92,430,000",NaN
47,13.08.2019,NaN,5032-29-45,משרד,1,NaN,87,"541,429",NaN
48,12.08.2019,NaN,5032-29-43,משרד,1,NaN,52,"964,618",NaN
49,12.08.2019,NaN,5032-29-44,דירה,1,NaN,88,"1,153,302",NaN
50,27.07.2019,NaN,5032-29-41,משרד,1,NaN,87,"1,020,476",NaN
51,27.07.2019,NaN,5032-29-42,משרד,1,NaN,86,"1,157,486",NaN
52,14.07.2019,הברון הירש 18,3928-501-1,דירה בבית קומות,1,קרקע,21.50,"790,000",29% ב 2.8 שנים
53,20.09.2016,הברון הירש 18,3928-501-1,דירה בבית קומות,1,קרקע,21.50,"610,000",29% ב 2.8 שנים
54,16.06.2019,NaN,3947-95-14,משרד,1,NaN,131,"1,894,822",NaN
55,18.05.2019,NaN,5032-29-40,משרד,1,NaN,88,"773,426",NaN
56,12.05.2019,NaN,3946-344-27,אחר,1,NaN,102,"2,402,010",NaN
57,12.05.2019,NaN,3946-344-28,אחר,1,NaN,153,"3,600,792",NaN
58,12.05.2019,NaN,3946-344-26,אחר,1,NaN,102,"2,399,436",NaN
59,01.05.2019,NaN,3946-344-24,אחר,1,NaN,101,"2,281,500",NaN
60,30.04.2019,NaN,3947-60-58,משרד,1,שלישית,76,"1,342,768",NaN
61,29.04.2019,NaN,3932-55-12,עסק,1,NaN,44,"1,347,554",NaN
62,26.03.2019,NaN,5032-29-39,משרד,1,NaN,166,"598,287",NaN
63,19.03.2019,ויצמן 4,3928-905-3,עסק,1,NaN,95,"2,100,000",NaN
64,13.03.2019,NaN,5032-29-38,משרד,1,NaN,46,"951,279",NaN
65,05.03.2019,NaN,5032-29-37,משרד,1,NaN,91,"1,144,938",NaN
66,05.03.2019,NaN,5032-29-33,משרד,1,NaN,46,"726,805",NaN
67,05.03.2019,NaN,5032-29-36,משרד,1,NaN,87,"971,472",NaN
68,05.03.2019,NaN,5032-29-32,משרד,1,NaN,51,"708,168",NaN
69,05.03.2019,NaN,5032-29-30,משרד,1,NaN,72,"455,168",NaN
70,05.03.2019,NaN,5032-29-31,משרד,1,NaN,46,"683,797",NaN
71,05.03.2019,NaN,5032-29-34,משרד,1,NaN,51,"815,360",NaN
72,05.03.2019,NaN,5032-29-35,משרד,1,NaN,88,"892,237",NaN
73,21.02.2019,NaN,3946-344-22,משרד,1,חמישית,40,"607,935",NaN
74,18.02.2019,NaN,5032-29-29,משרד,1,NaN,109,"685,456",NaN
75,10.02.2019,יהודה לייב 10,3932-135-5,דירה בבית קומות,1,קרקע,22.30,"590,000",115% ב 11 שנים
76,17.02.2008,יהודה לייב 10,3932-135-5,דירה בבית קומות,1,קרקע,22.30,"274,000",115% ב 11 שנים
77,06.02.2019,NaN,3946-344-21,אחר,1,NaN,81,"2,008,890",NaN
78,10.01.2019,NaN,5032-29-27,משרד,1,NaN,88,"1,114,757",NaN
79,10.01.2019,NaN,5032-29-28,משרד,1,NaN,91,"1,389,474",NaN
80,03.01.2019,NaN,3946-344-16,דירה,1,NaN,81,"2,008,890",NaN
81,02.01.2019,פינס 9,3928-470-1,דירה בבית קומות,1,מרתף,NaN,"500,000",-16% ב 2.3 שנים
82,01.09.2016,פינס 9,3928-470-1,דירה בבית קומות,1,מרתף,NaN,"600,000",-16% ב 2.3 שנים
83,10.11.2010,פינס 9,3928-470-1,דירה בבית קומות,1,מרתף,NaN,"80,000",-16% ב 2.3 שנים
84,23.12.2018,NaN,5032-29-23,משרד,1,NaN,51,"1,016,367",NaN
85,23.12.2018,NaN,5032-29-26,משרד,1,NaN,106,"1,585,336",NaN
86,23.12.2018,NaN,5032-29-21,משרד,1,NaN,70,"487,609",NaN
87,23.12.2018,NaN,5032-29-22,משרד,1,NaN,67,"960,378",NaN
88,23.12.2018,NaN,5032-29-24,משרד,1,NaN,109,"1,018,487",NaN
89,23.12.2018,NaN,5032-29-25,משרד,1,NaN,103,"1,036,508",NaN
90,11.12.2018,NaN,3942-103-76,משרד,1,NaN,170,"4,723,290",NaN
91,05.12.2018,NaN,5032-29-20,משרד,1,NaN,72,"1,358,875",NaN
92,04.12.2018,NaN,5032-29-17,משרד,1,NaN,89,"891,952",NaN
93,04.12.2018,NaN,5032-29-18,משרד,1,NaN,100,"1,189,104",NaN
94,04.12.2018,NaN,5032-29-16,משרד,1,NaN,109,"795,506",NaN
95,04.12.2018,NaN,5032-29-19,דירה,1,NaN,91,"1,548,949",NaN
96,04.12.2018,NaN,5032-29-15,משרד,1,NaN,135,"633,260",NaN
97,03.12.2018,NaN,5032-29-14,משרד,1,NaN,53,"816,538",NaN
98,02.12.2018,NaN,5032-29-4,משרד,1,NaN,68,"567,160",NaN
99,02.12.2018,NaN,5032-29-10,משרד,1,NaN,89,"874,926",NaN
100,02.12.2018,NaN,5032-29-5,משרד,1,NaN,65,"695,354",NaN
101,02.12.2018,NaN,5032-29-9,משרד,1,NaN,138,"784,490",NaN
102,02.12.2018,NaN,5032-29-11,משרד,1,NaN,72,"1,092,256",NaN
103,02.12.2018,NaN,5032-29-6,משרד,1,NaN,60,"751,440",NaN
104,02.12.2018,NaN,5032-29-7,משרד,1,NaN,47,"775,476",NaN
105,02.12.2018,NaN,5032-29-8,משרד,1,NaN,167,"780,484",NaN
106,02.12.2018,NaN,5032-29-12,משרד,1,NaN,69,"1,483,551",NaN
107,02.12.2018,NaN,5032-29-13,משרד,1,NaN,70,"1,874,443",NaN
108,28.11.2018,ירושלים 5,3932-206-1,דירה בבית קומות,1,מרתף,21.80,"500,000",NaN
109,27.11.2018,NaN,3942-103-1,אחר,1,NaN,187,"15,372,338",NaN
110,27.11.2018,NaN,5032-29-3,משרד,1,NaN,68,"949,778",NaN
111,20.11.2018,NaN,5032-29-2,משרד,1,NaN,68,"1,178,686",NaN
112,20.11.2018,NaN,5032-29-1,משרד,1,NaN,68,"1,134,709",NaN
113,29.10.2018,NaN,3947-60-56,משרד,1,NaN,99,"1,068,895",NaN
114,29.10.2018,NaN,3947-60-57,משרד,1,NaN,98,"1,250,587",NaN
115,05.09.2018,NaN,3628-10-2,קוטג' חד משפחתי,1,NaN,1868,"11,600,000",NaN
116,30.08.2018,NaN,3946-344-5,אחר,1,NaN,99,"2,370,888",NaN
117,23.08.2018,NaN,3947-60-65,משרד,1,שישית,84,"1,164,894",NaN
118,14.08.2018,NaN,7374-12-1,קוטג' דו משפחתי,1,NaN,172,"7,600,000",NaN
119,06.08.2018,NaN,3947-95-13,דירה,1,NaN,141,"1,863,677",NaN
120,06.08.2018,NaN,3947-95-12,דירה,1,NaN,114,"1,545,410",NaN
121,18.06.2018,מבצע ברק 10,5747-10-2,קוטג' דו משפחתי,1,NaN,500,"4,189,000",NaN
122,13.06.2018,NaN,3947-95-11,משרד,1,NaN,64,"1,092,501",NaN
123,29.05.2018,NaN,3946-344-3,אחר,1,NaN,2997,"27,624,440",NaN
124,27.05.2018,שניאור זלמן 36,7281-41-1,דירה בבית קומות,1,ראשונה,26.70,"330,000",NaN
125,22.05.2018,NaN,3947-60-54,משרד,1,שישית,79,"1,099,522",NaN
126,28.03.2018,שרוני ברוך 20,6288-233-1,קוטג' חד משפחתי,1,NaN,400,"8,688,000",NaN
127,27.03.2018,NaN,3947-60-69,משרד,1,שביעית,79,"1,098,025",NaN
128,22.03.2018,גבין משה 5,3629-226-2,קוטג' דו משפחתי,1,NaN,100,"7,100,000",NaN
129,18.07.2017,חיל התותחנים 24,2717-24-1,דירה בבית קומות,1,ראשונה,121.20,"2,350,000",NaN
130,02.03.2005,חיל התותחנים 24,2717-24-1,דירה בבית קומות,1,ראשונה,121.20,"1,217,000",NaN
131,25.01.2005,חיל התותחנים 24,2717-24-1,דירה בבית קומות,1,ראשונה,121.20,"958,000",NaN
132,16.01.2005,חיל התותחנים 24,2717-24-1,דירה בבית קומות,1,ראשונה,121.20,"1,111,000",NaN
133,07.11.2004,חיל התותחנים 24,2717-24-1,דירה בבית קומות,1,ראשונה,121.20,"1,055,000",NaN
134,26.10.2004,חיל התותחנים 24,2717-24-1,דירה בבית קומות,1,ראשונה,121.20,"1,322,000",NaN
135,25.10.2004,חיל התותחנים 24,2717-24-1,דירה בבית קומות,1,ראשונה,121.20,"1,061,000",NaN
136,28.06.2017,NaN,3947-60-91,עסק,1,שניה,131,"1,083,211",NaN
137,27.06.2017,NaN,3947-60-36,עסק,1,שלישית,114,"1,600,649",NaN
138,14.06.2017,מבצע הראל 56,5384-6-2,קוטג' דו משפחתי,1,"מרתף, קרקע, ראשונה, שניה",220,"3,500,000",123% ב 16.7 שנים
139,27.09.2000,מבצע הראל 56,5384-6-2,קוטג' דו משפחתי,1,"מרתף, קרקע, ראשונה, שניה",220,"1,567,000",123% ב 16.7 שנים
140,14.06.2017,NaN,3947-60-33,עסק,1,שניה,202,"1,014,996",NaN
141,21.11.2016,NaN,3628-294-2,קוטג' דו משפחתי,1,"מרתף, קרקע, ראשונה",249.54,"5,200,000",NaN
142,09.10.2016,חיל התותחנים 26,2717-23-27,דירה בבית קומות,1,שישית,121.40,"2,690,000",NaN
143,22.09.2016,פינס 2,3928-116-10,דירה בבית קומות,1,שלישית,NaN,"619,000",NaN
144,18.09.2016,פינס 2,3928-116-10,דירה בבית קומות,1,שלישית,NaN,"360,000",NaN
145,06.09.2016,השומר 46,3938-243-1,קוטג' דו משפחתי,1,NaN,80,"3,299,000",NaN
146,09.08.2016, ,3928-433-13,קוטג' דו משפחתי,1,NaN,221,"3,320,000",NaN
147,16.06.2016,הגלבוע 1,3923-354-4,קוטג' טורי,1,"קרקע, ראשונה",157.73,"2,700,000",NaN
148,23.05.2016,רוטשילד 121,3923-166-10,דירה בבית קומות,1,שניה,62.35,"1,280,000",NaN
149,12.04.2016,האשכולית 9,3628-54-1,בית בודד,1,NaN,70,"900,000",NaN
150,10.03.2016,לאונר נעם 10,7374-34-1,קוטג' דו משפחתי,1,NaN,360,"5,400,000",NaN
151,24.02.2016,הנחשול 46,5384-47-31,דירת גג,1,תשיעית,196.60,"3,850,000",NaN
152,04.02.2016,וולפסון 15,3926-632-2,דירה בבית קומות,1,ראשונה,NaN,"630,000",NaN
153,02.02.2016,הפזית 21,6824-184-1,קוטג' דו משפחתי,1,שניה,250,"6,000,000",NaN
154,20.09.2015,מאירוביץ 44,3925-184-2,קוטג' חד משפחתי,1,--------,27,"2,053,000",NaN
155,07.09.2015,אוסישקין 12,3928-287-2,דירה בבית קומות,1,קרקע,26.26,"729,000",NaN
156,15.07.2015,יחזקאל הנביא 10,4247-189-1,קוטג' דו משפחתי,1,ראשונה,100,"1,140,000",NaN
157,11.06.2015,בלפור 8,3931-4-2,קוטג' דו משפחתי,1,ראשונה,100,"500,000",NaN
158,21.05.2015,הרקפת 120,4243-211-5,קוטג' דו משפחתי,1,ראשונה,308,"2,400,000",NaN
159,13.05.2015,אלרואי 8,3929-789-1,דירה בבית קומות,1,ראשונה,NaN,"200,000",NaN
160,14.04.2015,הירמוך 12,3923-279-34,דירה בבית קומות,1,ראשונה,29.10,"250,000",190% ב 6.4 שנים
161,30.11.2008,הירמוך 12,3923-279-34,דירה בבית קומות,1,ראשונה,29.10,"86,000",190% ב 6.4 שנים
162,26.03.2015,האלה 11,4242-565-0,קוטג' דו משפחתי,1,ראשונה,1097,"3,120,000",NaN
163,11.03.2015,חיל התותחנים 26,2717-23-2,דירה בבית קומות,1,ראשונה,121.40,"2,090,000",30% ב 6.2 שנים
164,04.12.2008,חיל התותחנים 26,2717-23-2,דירה בבית קומות,1,ראשונה,121.40,"1,600,000",30% ב 6.2 שנים
165,11.12.2005,חיל התותחנים 26,2717-23-2,דירה בבית קומות,1,ראשונה,121.40,"1,100,000",30% ב 6.2 שנים
166,14.11.2005,חיל התותחנים 26,2717-23-2,דירה בבית קומות,1,ראשונה,121.40,"1,289,000",30% ב 6.2 שנים
167,26.09.2005,חיל התותחנים 26,2717-23-2,דירה בבית קומות,1,ראשונה,121.40,"1,315,000",30% ב 6.2 שנים
168,22.09.2005,חיל התותחנים 26,2717-23-2,דירה בבית קומות,1,ראשונה,121.40,"1,237,000",30% ב 6.2 שנים
169,22.09.2005,חיל התותחנים 26,2717-23-2,דירה בבית קומות,1,ראשונה,121.40,"1,066,000",30% ב 6.2 שנים
170,01.02.2015,הכרמל 9,3936-149-7,דירה בבית קומות,1,חצר,NaN,"470,000",17% ב 0.5 שנים
171,18.08.2014,הכרמל 9,3936-149-7,דירה בבית קומות,1,חצר,NaN,"400,000",17% ב 0.5 שנים
172,29.04.2013,הכרמל 9,3936-149-7,דירה בבית קומות,1,חצר,NaN,"335,000",17% ב 0.5 שנים
173,15.12.2014,ירושלים 70,3930-549-4,דירה בבית קומות,1,שניה,101.40,"1,515,000",NaN
174,28.11.2014,העסיס 32,5038-9-32,דירה בבית קומות,1,שלישית,96,"1,650,000",NaN
175,13.11.2014,התומר 2,3926-48-5,דירה בבית קומות,1,שניה,71.81,"1,000,000",NaN
176,06.11.2014,צייטלין 17,7282-80-20,דירה בבית קומות,1,שניה,NaN,"90,000",NaN
177,05.11.2014,נורדאו 85,3925-675-1,קוטג' דו משפחתי,1,מרתף קרקע וראשונה,192.12,"2,725,000",NaN
178,05.11.2014,גלילי ישראל 19,3946-412-129,דירה בבית קומות,1,קומה ‎17‏,172,"5,342,000",NaN
179,02.09.2014,שבטי ישראל 39,4247-68-2,קוטג' דו משפחתי,1,ראשונה,34.50,"1,900,000",NaN
180,21.08.2014,האשכולית 9,3628-54-2,בית בודד,1,NaN,100,"755,000",NaN
181,25.02.2014,"עגנון ש""י 32",6095-159-4,דירה בבית קומות,1,ראשונה,48.63,"720,000",231% ב 6.6 שנים
182,10.06.2007,"עגנון ש""י 32",6095-159-4,דירה בבית קומות,1,ראשונה,48.63,"217,000",231% ב 6.6 שנים
183,30.12.2013,האתרוג 25,4243-295-3,דירה בבית קומות,1,NaN,209,"1,300,000",NaN
184,26.11.2013,יונה הנביא 3,4247-314-1,קוטג' דו משפחתי,1,NaN,205,"4,700,000",NaN
185,25.11.2013,הזמורה 4,5039-37-33,דירה בבית קומות,1,קרקע,27,"300,000",NaN
186,05.11.2013,הנחליאלי 16,6287-253-1,קוטג' חד משפחתי,1,NaN,172,"2,560,000",NaN
187,22.10.2013,סחרוב דוד 17,6097-213-62,דירה,1,NaN,NaN,"123,900",NaN
188,13.10.2013,האתרוג 25,4243-295-2,קוטג' דו משפחתי,1,NaN,209,"2,166,000",NaN
189,08.10.2013, ,3932-72-13,קוטג' דו משפחתי,1,NaN,374,"5,600,000",NaN
190,03.10.2013,מבצע עובדה 25,5747-77-3,קוטג' דו משפחתי,1,NaN,306,"3,200,000",NaN
191,21.08.2013,הרצל 91,3925-561-35,עסק,1,NaN,37,"401,200",NaN
192,18.08.2013,הסנפיר 2,6823-42-3,קוטג' דו משפחתי,1,NaN,150,"2,260,000",NaN
193,23.06.2013,הרצל 91,3925-561-33,עסק,1,NaN,42,"2,124,000",NaN
194,09.05.2013,NaN,3946-261-150,דירה בבית קומות,1,ראשונה,57,"211,000",NaN
195,04.05.2013,ביאליק 13,3928-882-114,עסק,1,NaN,155,"2,400,000",NaN
196,07.04.2013,"תרמ""ב 13",3928-884-158,אחר,1,עשירית,67,"1,351,350",NaN
197,19.03.2013,טביב 9,3938-261-1,קוטג' טורי,1,NaN,148,"3,750,000",NaN
198,27.02.2013,NaN,3946-261-152,דירה בבית קומות,1,ראשונה,NaN,"2,073,000",NaN
199,26.02.2013,השייטת 2,2704-55-543,אחר,1,חמש עשרה,NaN,"245,485",NaN
200,13.02.2013,NaN,3946-258-536,דירה בבית קומות,1,ראשונה,NaN,"62,000",NaN
201,21.01.2013,הרפסודה 40,6826-43-1,קוטג' דו משפחתי,1,NaN,140,"6,181,000",NaN
202,14.01.2013,NaN,3628-75-2,קוטג' חד משפחתי,1,NaN,300,"7,860,000",NaN
203,26.12.2012,אורנבך אשר 5,7375-27-15,דירה בבית קומות,1,רביעית,141,"797,000",NaN
204,12.12.2012,פינשטיין יונה צבי 17,6288-108-52,דירה בבית קומות,1,שביעית,104.31,"1,610,000",-10% ב 2.5 שנים
205,03.06.2010,פינשטיין יונה צבי 17,6288-108-52,דירה בבית קומות,1,שביעית,104.31,"1,800,000",-10% ב 2.5 שנים
206,15.10.2012,התורן 5,6824-65-1,קוטג' דו משפחתי,1,NaN,220,"4,450,000",NaN
207,06.09.2012,בלבן אליעזר 1,3939-489-84,דירה בבית קומות,1,ראשונה,381,"6,467,000",NaN
208,28.06.2012,NaN,3946-258-623,דירה בבית קומות,1,NaN,NaN,"966,000",NaN
209,15.05.2012,NaN,3928-82-1,דירה,1,NaN,70,"1,450,000",NaN
210,13.05.2012,הסירה 9,6826-64-1,קוטג' דו משפחתי,1,NaN,240,"2,650,000",NaN
211,10.05.2012,קצרין 15,5435-164-1,קוטג' דו משפחתי,1,ראשונה,292,"5,000,000",NaN
212,29.02.2012,דוידזון 1,3939-290-16,דירה בבית קומות,1,שישית,80,"5,517,000",NaN
213,13.12.2011,דוידזון 1,3939-290-16,דירה בבית קומות,1,שישית,80,"1,150,000",NaN
214,23.02.2012,NaN,6288-55-2,קוטג' חד משפחתי,1,NaN,60,"1,040,000",NaN
215,07.10.2011,מוהליבר 32,3933-36-5,דירה בבית קומות,1,ראשונה,37.65,"630,000",NaN
216,15.05.2011,התומר 3,3926-56-8,דירה בבית קומות,1,שלישית,66.14,"800,000",NaN
217,13.05.2011,בלבן אליעזר 1,3939-489-85,דירה בבית קומות,1,NaN,NaN,"26,555,000",NaN
218,12.05.2011,חטיבה שבע 55,5436-15-1,קוטג' דו משפחתי,1,NaN,288,"6,300,000",NaN
219,06.05.2011,קרון אהרון 13,3925-220-1,קומבינציה,1,ראשונה,107.93,"1,181,000",NaN
220,02.05.2011, ,3945-509-17,דירה בבית קומות,1,NaN,21,"304,000",NaN
221,17.04.2011,רפידים 49,5386-85-3,קוטג' טורי,1,קרקע וראשונה,165,"2,640,000",NaN
222,31.03.2011,הרב שלינקה יצחק 6,7373-73-61,דירה בבית קומות,1,NaN,NaN,"2,000,000",NaN
223,15.03.2011,הרב נריה 8,5116-25-47,דירה בבית קומות,1,שניה,121.71,"1,760,000",NaN
224,28.02.2011,גנות צבי 4,7373-59-8,דירה בבית קומות,1,שניה,112,"82,000",NaN
225,22.04.2009,גנות צבי 4,7373-59-8,דירה בבית קומות,1,שניה,112,"1,320,000",NaN
226,21.04.2009,גנות צבי 4,7373-59-8,דירה בבית קומות,1,שניה,112,"1,320,000",NaN
227,23.02.2011,NaN,6287-117-69,דירה בבית קומות,1,NaN,NaN,"1,500,000",NaN
228,20.02.2011,NaN,6287-117-70,דירה בבית קומות,1,NaN,NaN,"1,500,000",NaN
229,25.01.2011,NaN,6287-117-72,דירה בבית קומות,1,NaN,NaN,"2,500,000",NaN
230,23.01.2011,NaN,6287-117-74,דירה בבית קומות,1,NaN,NaN,"1,000,000",NaN
231,28.12.2010,NaN,6287-117-76,דירה בבית קומות,1,NaN,NaN,"1,500,000",NaN
232,23.12.2010,הקוקיה 23,6287-310-4,דירה בבית קומות,1,NaN,NaN,"2,000,000",NaN
233,21.12.2010,NaN,6287-117-80,דירה בבית קומות,1,NaN,NaN,"63,000",NaN
234,20.12.2010,NaN,6287-117-81,דירה בבית קומות,1,NaN,NaN,"1,666,000",NaN
235,14.12.2010,התאנה 1,3926-288-22,דירה בבית קומות,1,רביעית,88.70,"660,000",NaN
236,14.12.2010,NaN,6287-117-82,דירה בבית קומות,1,NaN,NaN,"1,160,000",NaN
237,13.12.2010,NaN,6287-117-83,דירה בבית קומות,1,NaN,NaN,"1,500,000",NaN
238,12.12.2010,NaN,6287-117-84,דירה בבית קומות,1,ראשונה,NaN,"1,750,000",NaN
239,10.11.2010,הרב מימון 4,3929-1083-46,דירה בבית קומות,1,שתים עשרה,152.20,"2,500,000",6% ב 1 שנים
240,14.10.2009,הרב מימון 4,3929-1083-46,דירה בבית קומות,1,שתים עשרה,152.20,"2,357,000",6% ב 1 שנים
241,03.11.2010,NaN,7373-53-1,דירה בבית קומות,1,NaN,NaN,"1,450,000",NaN
242,25.10.2010,"תרמ""ב 13",3928-884-21,דירה בבית קומות,1,קרקע,54.10,"2,500,000",NaN
243,24.10.2010,חטיבת קריתי 7,3930-270-1,קוטג' דו משפחתי,1,"מרתף,קרקע,ראשנה,שניה",139.50,"2,200,000",NaN
244,13.10.2010,NaN,6287-117-95,דירה בבית קומות,1,NaN,NaN,"1,700,000",NaN
245,09.06.2010,ההתיישבות 53,6286-324-7,דירה בבית קומות,1,שלישית,106.41,"2,160,000",89% ב 0.9 שנים
246,15.07.2009,ההתיישבות 53,6286-324-7,דירה בבית קומות,1,שלישית,106.41,"1,137,000",89% ב 0.9 שנים
247,05.05.2010,NaN,6287-117-102,דירה בבית קומות,1,NaN,NaN,"1,666,000",NaN
248,29.04.2010,"שז""ר זלמן 28",2717-20-26,דירה בבית קומות,1,ראשונה,NaN,"1,775,000",NaN
249,24.03.2010,ההתיישבות 53,6286-324-29,דירה בבית קומות,1,"שמינית, תשיעית",155.72,"1,680,000",3% ב 0.5 שנים
250,03.08.2009,ההתיישבות 53,6286-324-29,דירה בבית קומות,1,"שמינית, תשיעית",155.72,"1,622,000",3% ב 0.5 שנים
251,24.03.2010,ההתיישבות 53,6286-324-30,דירה בבית קומות,1,"שמינית, תשיעית",155.93,"1,740,000",7% ב 0.6 שנים
252,23.07.2009,ההתיישבות 53,6286-324-30,דירה בבית קומות,1,"שמינית, תשיעית",155.93,"1,622,000",7% ב 0.6 שנים
253,07.02.2010,נחמיה 97,4246-57-1,קוטג' דו משפחתי,1,ראשונה,25.11,"2,628,000",NaN
254,08.01.2010,יאיר 11,4241-36-1,דירה בבית קומות,1,ראשונה,NaN,"3,100,000",NaN
255,31.12.2009,האורגן 8,5182-5-49,דירה בבית קומות,1,שישית,142,"2,000,000",NaN
256,05.11.2009,שיבת ציון 32,3938-117-2,דירה בבית קומות,1,ראשונה,49.14,"1,638,000",NaN
257,28.10.2009,בלבן אליעזר 1,3939-489-5,עסק,1,NaN,34,"635,000",NaN
258,21.07.2009,דרבלה 22,4242-395-1,קוטג' דו משפחתי,1,NaN,NaN,"1,700,000",NaN
259,09.07.2009,מבצע נחשון 6,5384-50-13,דירה בבית קומות,1,שלישית,97.50,"1,210,000",NaN
260,22.06.2009,כצנלסון 60,3945-845-2,דירה בבית קומות,1,ראשונה,115.70,"1,680,000",NaN
261,15.05.2009,ארבל 11,3923-345-3,קוטג' דו משפחתי,1,מרתף קרקע וראשונה,437.63,"4,750,000",NaN
262,03.05.2009,אבן חן 2,4746-32-150,דירה בבית קומות,1,עשרים ואחת,199.44,"3,340,000",NaN
263,23.03.2009,NaN,6287-117-148,דירה בבית קומות,1,ראשונה,NaN,"60,000",NaN
264,26.02.2009,בורלא 28,5117-34-0,קוטג' דו משפחתי,1,NaN,600,"2,360,000",NaN
265,22.02.2009,NaN,6287-117-152,דירה בבית קומות,1,NaN,NaN,"80,000",NaN
266,21.12.2008,הרצל 91,3925-561-25,עסק,1,שניה,33,"311,850",NaN
267,03.11.2008,השרביט 5,5029-70-1,קוטג' חד משפחתי,1,NaN,576,"4,225,000",NaN
268,23.10.2008,פטריה 8,4243-208-2,קוטג' דו משפחתי,1,NaN,30,"465,000",NaN
269,03.08.2008,סטרומה 6,4243-186-1,דירה בבית קומות,1,ראשונה,22,"400,000",NaN
270,03.06.2008,NaN,3927-200-0,קוטג' דו משפחתי,1,NaN,600,"2,350,000",NaN
271,07.03.2008,הרקפת 86,4243-168-1,דירה בבית קומות,1,NaN,40,"563,000",NaN
272,16.01.2008,הרקפת 24,4242-141-2,דירה בבית קומות,1,---,39.46,"1,170,000",NaN
273,14.01.2008,עצמונה 1,5386-53-1,דירה בבית קומות,1,מרתף + קרקע + א'+ב',229,"1,812,000",NaN
274,12.11.2007,משה בן נחמן 20,4247-564-58,דירה בבית קומות,1,רביעית,113.34,"1,030,000",NaN
275,29.08.2007,המלך 21,5029-85-1,קוטג' דו משפחתי,1,NaN,280,"2,600,000",NaN
276,04.07.2007,הרקפת 17,4242-65-1,בית בודד,1,ראשונה,27.38,"573,000",NaN
277,23.01.2007,מאפו 10,3945-255-2,דירה בבית קומות,1,קרקע,41.52,"93,000",NaN
278,27.04.2006,קלישר 9,5116-56-4,דירה בבית קומות,1,ראשונה,100,"994,000",NaN
279,27.12.2005,החשמונאים 14,4241-185-1,קוטג' דו משפחתי,1,NaN,NaN,"460,000",NaN
280,25.07.2005,חיל התותחנים 26,2717-23-49,דירה בבית קומות,1,עשירית + אחת עשרה,134.30,"1,917,000",NaN
281,14.07.2005,יוחנן הסנדלר 8,3929-937-3,דירה בבית קומות,1,ראשונה,66.60,"652,000",NaN
282,21.06.2005,חיל התותחנים 26,2717-23-7,דירה בבית קומות,1,שניה,121.40,"1,283,000",NaN
283,16.05.2005,חיל החימוש 38,2717-22-50,דירה בבית קומות,1,קרקע,NaN,"105,000",NaN
284,20.07.2004,חיל התותחנים 24,2717-24-47,דירה בבית קומות,1,עשירית,136.30,"2,000,000",NaN
285,03.06.2004,שרת משה 8,5032-22-1,דירה בבית קומות,1,חמישית,96,"862,000",NaN
286,14.01.2004,ויניק 37,3926-1029-7,NaN,1,רביעית,110.72,"964,000",NaN
287,22.09.2003,מונטיפיורי 2,3928-356-2,NaN,1,קרקע,20.18,"204,000",NaN
288,11.03.2001,NaN,6287-117-247,NaN,1,רביעית,100,"759,000",NaN
289,07.02.2001,פינברג יוסף 3,3929-242-8,NaN,1,שניה,34.48,"248,000",NaN
290,08.12.2000,נתנס דניאל 1,5095-13-3,קוטג' דו משפחתי,1,NaN,NaN,"1,206,000",NaN
291,07.12.2000,ורמוס הרולד 4,5095-3-2,קוטג' דו משפחתי,1,קרקע + ראשונה,204.30,"1,509,000",NaN
292,24.11.2000,נתנס דניאל 8,5095-10-4,קוטג' דו משפחתי,1,NaN,NaN,"1,186,000",NaN
293,27.08.2000,פוחצ'בסקי מיכל 31,3925-653-3,NaN,1,NaN,245,"14,706,000",NaN
294,16.07.2000,מורדי הגטאות 101,4243-163-2,דירה בבית קומות,1,קרקע,27.70,"400,000",NaN
295,12.04.2000,"תרמ""ב 30",3928-233-1,NaN,1,קרקע,NaN,"250,000",NaN
296,22.04.1998,ברנר 9,3945-114-2,NaN,1,מרתף+קרקע+ 1+2,268.50,"1,727,000",NaN
297,22.04.1998,מורדי הגטאות 101,4243-163-3,NaN,1,NaN,NaN,"676,000",NaN
298,23.02.1998,הרקפת 102,4243-190-1,NaN,1,NaN,40,"486,000",NaN
299,09.02.1998,הכשרת הישוב 5,3946-105-1,NaN,1,ראשונה,183,"624,000",NaN
